{
    "name": "<%= widgetName %>",

    "version": "<%= version %>",

    "localName": {
        "en": "<%= widgetName %>",
        "zh-cn": "<%= widgetName %>"
    },

    "icon": "<%= widgetName %>.png",

    "author": {
        "name": "<%= authorName %>",
        "email": "<%= authorEmail %>"
    },

    "description": "<%= description %>",

    "styleBase": [
        "variables.less",
        "mixins.less",
        "base.less",
        "grid.less",
        "block-grid.less",
        "utility.less"
    ],

    "template": "<%= widgetName %>.hbs",

    "styleDependencies": [
        "icon.less"
    ],

    "style": "<%= widgetName %>.less",

    "themes": [
        {
            "id": "default",
            "name": "default",
            "desc": "默认",
            "options": {},
            "hook": "hook-am-<%= widgetName %>-default",
            "variables": [
                {
                    "variable": "",
                    "name": "",
                    "default": "",
                    "used": [
                        {
                            "selector": "",
                            "property": ""
                        }
                    ]
                }
            ],
            "demos": [
                {
                    "desc": "",
                    "data": {

                    }
                }
            ]
        }
    ],

    "jsBase": [
        "core.js"
    ],

    "jsDependencies": [],

    "script": "<%= widgetName %>.js",

    "api": {
        "id": {
            "name": "ID",
            "desc": "模块自定义ID，遵循CSS ID命名规范",
            "type": "text",
            "default": "",
            "required": false
        },

        "className": {
            "name": "Class",
            "desc": "用户自定义模块class，遵循 CSS class 命名规范",
            "type": "text",
            "default": "",
            "required": false
        },

        "theme": {
            "name": "主题",
            "desc": "模块主题",
            "type": "select",
            "default": "default",
            "required": true,
            "dataList": "<%= pkg.themes %>"
        },

        "options": {
            "optionName": {
                "name": "选项名称",
                "desc": "选项描述",
                "type": "text",
                "default": "",
                "required": false
            }
        },

        "content": {
            "type": "Object",
            "item": {
            }
        }
    },

    "hidden": false
}